,ra,dec,ps,host,label
0,210.92789263650187,54.32303814561305,0.7,None,0
1,210.92804738854016,54.37281579648902,0.7,None,0
2,210.84254200713576,54.323098144929375,0.7,None,0
3,210.84259332200745,54.372875905966566,0.7,None,0
4,210.75719118985077,54.32309790963751,0.7,None,0
5,210.7571390668718,54.37287567024269,0.7,None,0
6,210.67184056344402,54.323037439740055,0.7,None,0
7,210.6716850033092,54.372815089320014,0.7,None,0
