,ra,dec,ps,host,label
0_0,359.97488888888887,-0.07511111111110513,0.7,0.0,0.0
1_0,0.024666666666665032,-0.07511111111110463,0.7,0.0,0.0
0_1,359.97488888888887,-0.025333333333328312,0.7,0.0,0.0
1_1,0.024666666666662587,-0.025333333333330533,0.7,0.0,0.0
0_2,359.97488888888887,0.024444444444445393,0.7,0.0,0.0
1_2,0.024666666666665605,0.02444444444444638,0.7,0.0,0.0
0_3,359.97488888888887,0.07422222222222342,0.7,0.0,0.0
1_3,0.024666666666665112,0.07422222222222402,0.7,0.0,0.0
