,ra,dec,ps,label
0,143.203,21.466,0.5220361710885714,0
1,142.554,19.991,0.398563766237879,0
2,143.307,20.515,0.31791995657321553,0
